{"cameraMode":{"drawMode":0,"name":"Shaded","section":"Shading Mode"},"sceneLighting":true,"audioPlay":false,"sceneViewState":{"m_AlwaysRefresh":false,"showFog":true,"showSkybox":true,"showFlares":true,"showImageEffects":true,"showParticleSystems":true,"showVisualEffectGraphs":true,"m_FxEnabled":true},"in2DMode":false,"pivot":{"x":49.28116226196289,"y":-14.378911018371582,"z":-6.873588562011719},"rotation":{"x":-0.049036189913749698,"y":-0.27378496527671816,"z":0.013939641416072846,"w":-0.9604993462562561},"size":56.92556381225586,"orthographic":false}